{
  "name": "baseline",
  "entity_count": 100000,
  "steps": 1000,
  "warmups": 2,
  "repeats": 5,
  "durations_ns": [83652166, 84341542, 83769750, 83890459, 83732500],
  "min_ns": 83652166,
  "mean_ns": 83877283.4,
  "entity_steps_per_sec": 1195426308.5070624,
  "checksum": -69.2070479314134
}
