{
  "name": "baseline",
  "entity_count": 100000,
  "steps": 1000,
  "warmups": 2,
  "repeats": 5,
  "durations_ns": [84942750, 84984583, 85056875, 84759458, 84821375],
  "min_ns": 84759458,
  "mean_ns": 84913008.2,
  "entity_steps_per_sec": 1179809337.6198795,
  "checksum": -69.2070479314134
}
