{
  "name": "baseline",
  "entity_count": 100000,
  "steps": 1000,
  "warmups": 2,
  "repeats": 5,
  "durations_ns": [84367250, 83859000, 83862166, 83846625, 84004917],
  "min_ns": 83846625,
  "mean_ns": 83987991.6,
  "entity_steps_per_sec": 1192653848.6194286,
  "checksum": -69.2070479314134
}
