{
  "name": "baseline",
  "entity_count": 100000,
  "steps": 1000,
  "warmups": 2,
  "repeats": 5,
  "durations_ns": [84533500, 84435959, 84379083, 84079375, 84213250],
  "min_ns": 84079375,
  "mean_ns": 84328233.4,
  "entity_steps_per_sec": 1189352323.3254292,
  "checksum": -69.2070479314134
}
