{
  "name": "baseline",
  "entity_count": 100000,
  "steps": 1000,
  "warmups": 2,
  "repeats": 5,
  "durations_ns": [89921958, 90739917, 90953417, 90723625, 90645667],
  "min_ns": 89921958,
  "mean_ns": 90596916.8,
  "entity_steps_per_sec": 1112075428.7845912,
  "checksum": -69.2070479314134
}
