{
  "name": "batched-wasm-100",
  "entity_count": 10000,
  "steps": 1000,
  "warmups": 2,
  "repeats": 5,
  "durations_ns": [176923125, 177032000, 177015250, 177649834, 177232833],
  "min_ns": 176923125,
  "mean_ns": 177170608.4,
  "entity_steps_per_sec": 56521723.77127072,
  "checksum": 124.66134234151104
}
