{
  "name": "batched-wasm-100",
  "entity_count": 100000,
  "steps": 1000,
  "warmups": 2,
  "repeats": 5,
  "durations_ns": [1761994375, 1761384459, 1761131542, 1761244167, 1765605334],
  "min_ns": 1761131542,
  "mean_ns": 1762271975.4,
  "entity_steps_per_sec": 56781675.65293655,
  "checksum": -69.2070479314134
}
