{
  "name": "batched-wasm-10",
  "entity_count": 10000,
  "steps": 1000,
  "warmups": 2,
  "repeats": 5,
  "durations_ns": [514517042, 514556875, 514743125, 513695084, 514070959],
  "min_ns": 513695084,
  "mean_ns": 514316617,
  "entity_steps_per_sec": 19466801.048849437,
  "checksum": 124.66134234151104
}
