{
  "name": "batched-wasm-1000",
  "entity_count": 10000,
  "steps": 1000,
  "warmups": 2,
  "repeats": 5,
  "durations_ns": [141813500, 141652792, 141553958, 142446417, 141948791],
  "min_ns": 141553958,
  "mean_ns": 141883091.6,
  "entity_steps_per_sec": 70644439.34517182,
  "checksum": 124.66134234151104
}
