{
  "name": "batched-wasm-10000",
  "entity_count": 100000,
  "steps": 1000,
  "warmups": 2,
  "repeats": 5,
  "durations_ns": [1410284791, 1411634750, 1412265208, 1411486584, 1410684250],
  "min_ns": 1410284791,
  "mean_ns": 1411271116.6,
  "entity_steps_per_sec": 70907663.92587438,
  "checksum": -69.2070479314134
}
