{
  "name": "bulk-wasm",
  "entity_count": 10000,
  "steps": 1000,
  "warmups": 2,
  "repeats": 5,
  "durations_ns": [144414625, 144308375, 144350792, 144517583, 144259292],
  "min_ns": 144259292,
  "mean_ns": 144370133.4,
  "entity_steps_per_sec": 69319624.83220838,
  "checksum": 124.66134234151104
}
