{
  "name": "bulk-wasm",
  "entity_count": 100000,
  "steps": 1000,
  "warmups": 2,
  "repeats": 5,
  "durations_ns": [1503870500, 1501571250, 1503325333, 1502599459, 1464725500],
  "min_ns": 1464725500,
  "mean_ns": 1495218408.4,
  "entity_steps_per_sec": 68272177.96098997,
  "checksum": -69.2070479314134
}
