{
  "name": "naive-wasm",
  "entity_count": 10000,
  "steps": 1000,
  "warmups": 1,
  "repeats": 2,
  "durations_ns": [3087387917, 3080668000],
  "min_ns": 3080668000,
  "mean_ns": 3084027958.5,
  "entity_steps_per_sec": 3246049.233477934,
  "checksum": 124.66134234151104
}
