{
  "name": "naive-wasm",
  "entity_count": 100000,
  "steps": 1000,
  "warmups": 2,
  "repeats": 5,
  "durations_ns": [31616431958, 31037638958, 30972832500, 31018655291, 30930758959],
  "min_ns": 30930758959,
  "mean_ns": 31115263533.2,
  "entity_steps_per_sec": 3233027.6839489825,
  "checksum": -69.2070479314134
}
