{
  "name": "naive-wasm",
  "entity_count": 100000,
  "steps": 1000,
  "warmups": 2,
  "repeats": 5,
  "durations_ns": [30471060458, 30472527333, 30458816875, 30459128084, 30468475791],
  "min_ns": 30458816875,
  "mean_ns": 30466001708.2,
  "entity_steps_per_sec": 3283121.613370283,
  "checksum": -69.2070479314134
}
