{
  "name": "stream-wasm",
  "entity_count": 100000,
  "steps": 1000,
  "warmups": 2,
  "repeats": 5,
  "durations_ns": [2969984250, 2652317000, 3031466708, 2785325459, 2770024625],
  "min_ns": 2652317000,
  "mean_ns": 2841823608.4,
  "entity_steps_per_sec": 37702883.93129479,
  "checksum": -69.2070479314134
}
