{
  "name": "stream-wasm",
  "entity_count": 10000,
  "steps": 1000,
  "warmups": 2,
  "repeats": 5,
  "durations_ns": [268467375, 269206042, 266877666, 267636500, 267998250],
  "min_ns": 266877666,
  "mean_ns": 268037166.6,
  "entity_steps_per_sec": 37470351.67791073,
  "checksum": 124.66134234151104
}
