{
  "name": "stream-wasm",
  "entity_count": 100000,
  "steps": 1000,
  "warmups": 2,
  "repeats": 5,
  "durations_ns": [2724150458, 2718876375, 2723903375, 2720427583, 2716492500],
  "min_ns": 2716492500,
  "mean_ns": 2720770058.2,
  "entity_steps_per_sec": 36812175.99533221,
  "checksum": -69.2070479314134
}
